{"cameraMode":{"drawMode":0,"name":"Shaded","section":"Shading Mode"},"sceneLighting":false,"audioPlay":false,"sceneViewState":{"m_AlwaysRefresh":false,"showFog":true,"showSkybox":false,"showFlares":true,"showImageEffects":true,"showParticleSystems":true,"showVisualEffectGraphs":true,"m_FxEnabled":true},"in2DMode":false,"pivot":{"x":0.004392027854919434,"y":1.9163777828216553,"z":-4.570000171661377},"rotation":{"x":0.0039496226236224178,"y":0.9961130619049072,"z":0.05802859365940094,"w":-0.06753750890493393},"size":1.802578091621399,"orthographic":true}