{"cameraMode":{"drawMode":0,"name":"Shaded","section":"Shading Mode"},"sceneLighting":false,"audioPlay":false,"sceneViewState":{"m_AlwaysRefresh":false,"showFog":true,"showSkybox":false,"showFlares":true,"showImageEffects":true,"showParticleSystems":true,"showVisualEffectGraphs":true,"m_FxEnabled":true},"in2DMode":false,"pivot":{"x":-0.02825836092233658,"y":1.3401048183441163,"z":-3.8727166652679445},"rotation":{"x":0.0022296549286693336,"y":0.9604924321174622,"z":-0.007485478650778532,"w":0.2785872519016266},"size":2.295212745666504,"orthographic":true}