{"cameraMode":{"drawMode":0,"name":"Shaded","section":"Shading Mode"},"sceneLighting":false,"audioPlay":false,"sceneViewState":{"m_AlwaysRefresh":false,"showFog":true,"showSkybox":false,"showFlares":true,"showImageEffects":true,"showParticleSystems":true,"showVisualEffectGraphs":true,"m_FxEnabled":true},"in2DMode":false,"pivot":{"x":-1.7881393432617188e-7,"y":0.8679919242858887,"z":0.06193894147872925},"rotation":{"x":-0.19926895201206208,"y":-0.3240424692630768,"z":0.0700220838189125,"w":-0.9221980571746826},"size":1.503777265548706,"orthographic":false}