{"cameraMode":{"drawMode":0,"name":"Shaded","section":"Shading Mode"},"sceneLighting":true,"audioPlay":false,"sceneViewState":{"m_AlwaysRefresh":false,"showFog":true,"showSkybox":true,"showFlares":true,"showImageEffects":true,"showParticleSystems":true,"showVisualEffectGraphs":true,"m_FxEnabled":true},"in2DMode":false,"pivot":{"x":292.91534423828127,"y":288.24578857421877,"z":118.93211364746094},"rotation":{"x":-0.04858450964093208,"y":-0.076853908598423,"z":0.0048211002722382549,"w":-0.9962939023971558},"size":644.5198364257813,"orthographic":true}