{"cameraMode":{"drawMode":0,"name":"Shaded","section":"Shading Mode"},"sceneLighting":true,"audioPlay":false,"sceneViewState":{"m_AlwaysRefresh":false,"showFog":true,"showSkybox":true,"showFlares":true,"showImageEffects":true,"showParticleSystems":true,"showVisualEffectGraphs":true,"m_FxEnabled":true},"in2DMode":false,"pivot":{"x":-2.5458858013153078,"y":2.118847131729126,"z":3.141991138458252},"rotation":{"x":0.021222364157438279,"y":0.9753885269165039,"z":-0.19144052267074586,"w":0.10802051424980164},"size":2.4224798679351808,"orthographic":true}