{"cameraMode":{"drawMode":0,"name":"Shaded","section":"Shading Mode"},"sceneLighting":false,"audioPlay":false,"sceneViewState":{"m_AlwaysRefresh":false,"showFog":true,"showSkybox":false,"showFlares":true,"showImageEffects":true,"showParticleSystems":true,"showVisualEffectGraphs":true,"m_FxEnabled":true},"in2DMode":false,"pivot":{"x":-0.6143333911895752,"y":1.1881500482559205,"z":-3.5248351097106935},"rotation":{"x":0.002490140264853835,"y":0.9932793974876404,"z":-0.11454087495803833,"w":0.021155361086130143},"size":2.1314096450805666,"orthographic":true}