{"cameraMode":{"drawMode":0,"name":"Shaded","section":"Shading Mode"},"sceneLighting":false,"audioPlay":false,"sceneViewState":{"m_AlwaysRefresh":false,"showFog":true,"showSkybox":false,"showFlares":true,"showImageEffects":true,"showParticleSystems":true,"showVisualEffectGraphs":true,"m_FxEnabled":true},"in2DMode":false,"pivot":{"x":0.003124028444290161,"y":0.11472245305776596,"z":0.007457025349140167},"rotation":{"x":-0.04995538294315338,"y":-0.9059625267982483,"z":0.11297821253538132,"w":-0.4056379199028015},"size":0.04556360840797424,"orthographic":true}